,accid_type,accident_contents,from_direction,lane,lat,lng,reception_date,reception_time,reception_viewpoint,region,to_direction
0,사고,"<긴급>=사고=제천 중앙시장에서 교동방향, 중앙시장입구 홈마트4거리 횡단보도에서 승용차와 킥보드간 사고. 사고처리 중",중앙시장,,37.136519,128.212353,2020-09-30,21:18,,제천,교동
1,사고,"<긴급>=사고=제천 제일장례식장에서 천남동 방향, 천남동 코아루아파트 앞 3거리 내 승용차간 추돌사고, 사고처리전",제일장례식장,,37.130253,128.195320,2020-09-30,14:13,,제천,천남동
2,사고,<긴급>=사고= 제천 의림대로 청전교차로-법원4거리 구간 롯데슈퍼앞 2차로에서 승용차 관련 사고처리중임.,청전교차로,2,37.145106,128.213752,2020-09-30,13:02,,제천,법원4거리
3,사고,<긴급>=사고= 춘천 석사동주민센터-석사4거리 구간 중간지점에서 승용차와 택시간 충돌사고. 사고처리 전.,석사동주민센터,,37.860600,127.744244,2020-09-30,11:51,석사4거리,춘천,석사4거리
4,사고,<긴급>-사고- 춘천 문화예술회관에서 남부4거리 방향 3차로에서 승용차와 자전거간의 추돌사고. 사고처리 전.,문화예술회관,3,37.871068,127.725223,2020-09-30,11:46,남부4거리,춘천,남부4거리
5,사고,<긴급>=사고= 춘천 영서로 남춘천역-퇴계4거리방향 롯데슈퍼앞 2차로에서 승용차와 자전거 관련 사고. 사고처리 중임.,남춘천역,2,37.860758,127.728969,2020-09-30,8:13,롯데슈퍼 앞,춘천,퇴계4거리
6,사고,"<긴급>=사고=원주 백간공원3거리에서 청골4거리 방향, 청골4거리 못간지점 1차로에서 승용차간 추돌사고. 사고처리 전",백간공원3거리,1,37.356322,127.922001,2020-09-29,20:17,청골4거리,원주,청골4거리
7,사고,"<긴급>=사고=속초 경찰서에서 만천3거리 방향, 중간지점 2,3차로에 승용차간 추돌사고, 사고처리전",경찰서,"2, 3",38.197703,128.570465,2020-09-29,19:49,만천3거리,속초,만천3거리
8,사고,"<긴급>=사고=춘천 영서로, 옛)한방병원에서 퇴계4거리 방향, 한방병원 지나 1차로에 승용차간 추돌사고, 사고처리중",한방병원,1,37.847838,127.754741,2020-09-29,19:11,토마스요양병원,춘천,퇴계4거리
9,사고,"<긴급>=사고=강릉 원대로 교동택지에서 터미널 방향, 관동중학교후문 교차로 내, 승용차간 측면 충돌사고. 사고처리 전. 뒤로 정체,주변이 혼잡합니다",교동택지,,37.757763,128.880794,2020-09-29,17:28,관동중학교 후문,강릉,터미널
10,사고,"<긴급>=사고=원주 서원대로 종합경기장3거리에서 의료원4거리 방향, 종합경기장3거리 지난지점 1차로 승용차간 추돌사고. 사고처리 전. 뒤로 지체됩니다.",종합경기장3거리,1,37.336508,127.941868,2020-09-29,17:01,종합경기장3거리,원주,의료원4거리
11,사고,"<긴급>=사고=제천 장락3거리에서 교동방향, 장락3거리 신호등 전 2차로 승용차간 추돌사고. 사고처리 중",장락3거리,2,37.150950,128.226995,2020-09-29,15:28,장락3거리,제천,교동
12,사고,"<긴급>=사고=이천 중앙4거리에서 분수대5거리 방향, 분수대5거리 가기전 승용차간 추돌사고, 사고처리중",중앙4거리,,37.280815,127.446568,2020-09-29,13:04,분수대5거리,이천,분수대5거리
13,사고,<긴급>-사고- 여주 하리교차로에서 홍문4거리 방향 세종투어 앞 4거리 부근 오토바이관련 추돌사고. 사고처리 중.,하리교차로,,37.295646,127.635494,2020-09-29,12:05,세종투어,여주,홍문4거리
14,사고,<긴급>=사고= 국도7호선 강릉 청솔공원묘지입구3거리에서 승용차간 추돌사고. 사고처리 전.,,,37.832833,128.819510,2020-09-29,10:12,청솔공원묘지입구3거리,강릉,
15,사고,<긴급>=사고= 주문진 중앙공원4거리에서 승용차와 택시간 충돌사고. 사고처리 중임.,,,37.893237,128.827205,2020-09-29,9:17,중앙공원4거리,강릉,
16,사고,<긴급>-사고- 원주 기업도시에서 만종방향 신평4거리 못 간 지점 승용차관련 4중 추돌사고. 사고처리 전.,기업도시,,37.363819,127.897453,2020-09-29,8:40,신평4거리,원주,만종
17,사고,"<긴급>-사고- 원주 혁신로, 왕성목4거리에서 삼생4거리 방향 적십자사 부근 1,2차로에서 승용차간의 추돌사고. 사고처리 전.",왕성목4거리,"1, 2",37.323504,127.978975,2020-09-29,8:21,삼생4거리,원주,삼생4거리
18,사고,-785사고처리완료- 여주 교리교차로 내에서 승용차간의 추돌사고. 사고처리완료,,,37.282845,127.635607,2020-09-28,21:32,교리교차로,여주,
19,사고,<긴급>-사고- 여주 교리교차로 내에서 승용차간의 추돌사고. 사고처리 중.,,,37.282845,127.635607,2020-09-28,21:28,교리교차로,여주,
20,사고,<긴급>-사고- 속초 상수도사업소에서 부영6단지 방향 교량 밑에서 승용차와 화물차간의 추돌사고. 사고처리 전.,상수도사업소,,38.185245,128.582858,2020-09-28,18:49,논산교 밑,속초,부영6단지
21,사고,"<긴급>-사고- 원주 원일로, 원주역4거리에서 우산철교4거리 방향 KT원주지사 앞 승용차간의 추돌사고. 사고처리 전.",원주역4거리,,37.358729,127.941850,2020-09-28,18:36,KT원주지사,원주,우산철교4거리
22,사고,"<긴급>-사고- 원주 서원대로, 의료원4거리에서 무실4거리 방향 종합경기장3거리 3차로에서 승용차와 화물차간의 추돌사고. 사고처리 전. 혼잡함",의료원4거리,3,37.336542,127.941871,2020-09-28,17:34,종합경기장3거리,원주,무실4거리
23,사고,<긴급>-사고- 속초 만천4거리에서 소야교4거리 방향 세무서 앞 승용차간의 충돌사고. 사고처리 중.,만천4거리,,38.195360,128.575208,2020-09-28,16:24,세무서 앞,속초,소야교4거리
24,사고,"<긴급>=사고=춘천 학곡리에서 옛)한방병원 방향, 학곡4거리 신호등앞 승용차와 화물차간 추돌사고. 사고처리 중",학곡리,,37.838079,127.759187,2020-09-28,15:31,학곡4거리,춘천,토마스요양병원
25,사고,"<긴급>=사고=속초 청초교4거리에서 고속터미널 방향, 청대초교 지난지점 대형마트앞 2차로에서 승용차와 승합차간 추돌사고. 사고처리 전",청초교4거리,,38.189940,128.580533,2020-09-28,14:38,,속초,고속터미널
26,사고,<긴급>=사고=춘천 석사4거리-학곡4거리방향 로데오4거리 1차로에서 승용차간 추돌사고.처리전,석사4거리,1,37.855278,127.749550,2020-09-28,9:30,로데오4거리,춘천,학곡4거리
27,사고,"<긴급>=사고= 원주 남원로, 젊음의광장4거리에서 의료원4거리 방향 30m 지난지점에서 승용차와 택시간 추돌사고. 사고처리 전.",젊음의광장4거리,,37.335310,127.948899,2020-09-28,9:09,젊음의광장4거리,원주,의료원4거리
28,사고,<긴급>=사고= 원주 남부시장-원주초교 방향 개봉교4거리내에서 승용차와 승합차간 추돌사고. 사고처리 전.,남부시장,,37.343829,127.957062,2020-09-28,8:34,개봉교4거리,원주,원주초교
29,사고,"<긴급>=사고= 원주 원문로, 청골4거리-광터교차로방향 만종3거리에서 탱크로리와 승용차간 추돌사고. 사고처리 전.",청골4거리,,37.356198,127.901560,2020-09-28,8:33,만종3거리,원주,광터교차로
30,사고,<긴급>=사고= 이천 관고4거리-중앙4거리 구간 중간지점에서 승용차와 오토바이간 추돌사고. 사고처리 전.,관고4거리,,37.281604,127.440755,2020-09-27,17:10,중앙4거리,이천,중앙4거리
31,사고,<긴급>=사고=이천 설봉3거리-터미널방향 중소기업은행앞 승용차.오토바이간 추돌사고.처리중,설봉3거리,,37.277905,127.447683,2020-09-27,14:29,중소기업은행,이천,터미널
32,사고,<긴급>=사고=강릉 율곡로 종합운동장3거리 내에서 화물차.승용차간 추돌사고.처리전,,,37.773945,128.889015,2020-09-27,11:02,종합운동장3거리,강릉,
33,사고,<긴급>=사고= 춘천 도화골4거리-팔호광장 방향 100m 지난지점 2차로에서 승용차간 추돌사고. 사고처리 전.,도화골4거리,,37.874355,127.740879,2020-09-26,17:22,도화골4거리,춘천,팔호광장
34,사고,=571 같은사고= 원주 단구로 젊음의광장4거리-청산4거리 구간 원주교육지원청앞 승용차 단독사고. 사고처리 중임.,젊음의광장4거리,,37.337864,127.945645,2020-09-26,17:11,원주교육지원청,원주,청산4거리
35,사고,<긴급>=사고= 원주 단구로 젊음의광장4거리-청산4거리 구간 교육지원청앞 승용차 단독사고. 사고처리 전.,젊음의광장4거리,,37.337864,127.945645,2020-09-26,17:08,원주교육지원청,원주,청산4거리
36,사고,=374 같은사고=강릉 강릉대로 강릉역-초당방향 경찰서4거리 지난지점 1차로에서 승용차간 추돌사고. 사고처리 전. 정체됨.,강릉역,1,37.768834,128.907773,2020-09-26,13:46,경찰서4거리,강릉,초당
37,사고,<긴급>=사고=강릉 강릉대로 경찰서4거리-포남5거리방향 포남5거리 가기전 2차로에서 승용차간 추돌사고.처리전 .뒤로 정체,경찰서4거리,,37.771273,128.910356,2020-09-26,13:41,포남5거리,강릉,포남5거리
38,사고,<긴급>=사고= 강릉 경찰서-동인병원 방향 50m 지난지점 1차로에서 승용차간 추돌사고. 사고처리 전.,,1,37.769108,128.908267,2020-09-26,13:41,강릉 경찰서,강릉,동인병원
39,사고,=258사고처리중=횡성 횡성5거리 회전교차로내에서 승용차.화물차간 추돌사고.처리중,,,37.488272,127.985809,2020-09-26,11:32,횡성5거리,횡성,
40,사고,<긴급>=사고=횡성 횡성5거리 회전교차로내에서 승용차.화물차간 추돌사고.처리전,,,37.488272,127.985809,2020-09-26,11:09,횡성5거리,횡성,
41,사고,"=91 같은사고=춘천 동광5거리에서 공단5거리 방향, 강원도시가스 앞 1차로에 승용차간 추돌사고, 사고처리중",동광5거리,1,37.885988,127.748548,2020-09-26,9:02,강원도시가스,춘천,공단5거리
42,사고,"<긴급>=사고=춘천 동광5거리에서 공단5거리 방향, 강원도시가스 앞 1차로에 승용차간 추돌사고, 사고처리전",동광5거리,1,37.885988,127.748548,2020-09-26,8:30,강원도시가스,춘천,공단5거리
43,사고,=718같은사고=중앙고속도로 춘천방향 춘천요금소부근(386K)1차로에서 승용차관련 추돌사고.처리중,,1,37.839342,127.776298,2020-09-25,19:17,춘천요금소,춘천,춘천
44,사고,<긴급>=사고=중앙고속도로 춘천방향 춘천요금소 100미터 지난지점 1차로에서 승용차3대간 추돌사고.처리전,,1,37.839342,127.776298,2020-09-25,18:59,춘천요금소,춘천,춘천
45,사고,"<긴급>=사고=제천 의병대로, 제천상업고등학교에서 제일고등학교 방향, 제천상고 300m 지나 1차로에 화물차간 추돌사고, 사고처리전",제천상업고등학교,1,37.132716,128.224491,2020-09-25,17:19,제천상업고등학교,제천,제일고등학교
46,사고,"<긴급>=사고=원주 무실로, 한지공원4거리에서 무실4거리 방향 무실4거리 가기전 2차로에서 화물차.승용차간 추돌사고.처리전",한지공원4거리,2,37.339651,127.937835,2020-09-25,16:30,무실4거리,원주,무실4거리
47,사고,"<긴급>=사고=원주 북원로, 가현3거리에서 우산철교4거리 방향, 가현3거리 지나 2차로에 승용차와 승합차간 추돌사고, 사고처리전",가현3거리,2,37.385500,127.947754,2020-09-25,13:31,가현3거리,원주,우산철교4거리
48,사고,<긴급>-사고- 춘천 법원3거리에서 석사4거리 방향 강대3거리 부근 화물차와 택시간의 충돌사고. 사고처리 전.,법원3거리,,37.865042,127.735484,2020-09-25,10:03,강대3거리,춘천,석사4거리
49,사고,<긴급>=사고=원주 북원로 우무개3거리에서 우산철교4거리 방향 중간지점 2차로 승용차2대와 승합차 간 추돌사고. 사고처리 전,우무개3거리,2,37.363032,127.940018,2020-09-25,8:30,우무개3거리,원주,우산철교4거리
50,사고,"<긴급>=사고=강릉 성덕포남로 입암4주공아파트에서 경찰서방향, 입암4주공아파트 후문 앞 화물차와 승용차 간 측면 충돌사고. 사고처리 전",입암주공4단지아파트,,37.762006,128.916351,2020-09-25,7:35,입암주공4단지아파트,강릉,경찰서
51,사고,<긴급>=사고=홍천 터미널-홍천여고 방향 다이소앞3거리 승용차.오토바이간 추돌사고.처리전,홍천터미널,,37.690135,127.880806,2020-09-24,19:11,다이소 앞,홍천,홍천여고
52,사고,<긴급>=사고=원주 시청로 용화산3거리-시청4거리방향 법조4거리 100미터 지난지점 3차로에서 승합차간 추돌사고.처리전,용화산3거리,,37.335018,127.930924,2020-09-24,19:07,법조4거리,원주,시청4거리
53,사고,<긴급>=사고=강릉 국립원주대-남산한라@ 방향.남산한라@ 1K가기전 1차로에서 승용차간 추돌사고.처리전,국립원주대,1,37.746318,128.884416,2020-09-24,18:43,남산한라아파트,강릉,남산한라아파트
54,사고,"<긴급>=사고=삼척 터미널에서 정라진 방향, 삼척병원앞 승용차와 레미콘간 추돌사고. 사고처리 전",터미널,,37.437125,129.172646,2020-09-24,10:30,삼척병원,삼척,정라진
55,사고,"<긴급>=사고=원주 봉산현대아파트에서 원주초교 방향, 중간지점 승용차 대인사고. 사고처리 중. 여파로 정체되니 우회하세요",봉산현대아파트,,37.346370,127.961115,2020-08-19,15:16,원주초교,원주,원주초교
56,사고,"<긴급>=사고=원주 단계은행아파트에서 원주역 방향, 단계4거리 내 1차로에 승용차간 추돌사고, 사고처리중",단계은행아파트,1,37.356674,127.935982,2020-08-19,14:48,단계4거리,원주,원주역
57,사고,<긴급>=사고=속초 엑스포교 승용차간 추돌사고.처리전,,,38.193271,128.581534,2020-08-19,14:32,엑스포교,속초,
58,사고,<긴급>=사고= 강릉 시청앞교차로내에서 승용차 3대간 추돌사고. 사고처리 전.,,,37.751725,128.878597,2020-08-19,11:04,시청앞교차로,강릉,
59,사고,"<긴급>=사고=국도46호선 가평에서 청평방향, 가평5거리 내 1,2차로에 걸쳐 승용차간 추돌사고. 사고처리 전",가평,"1, 2",37.822404,127.514508,2020-08-19,11:01,가평5거리,가평,청평
60,사고,<긴급>=사고= 이천 터미널4거리-이천4거리방향 동부고속4거리 교차로내에서 승용차와 버스간 충돌사고. 사고처리 전.,터미널4거리,,37.276616,127.446787,2020-08-19,8:09,동부고속4거리,이천,이천4거리
61,사고,<긴급>=사고=강릉 고속터미널입구 맞은편 1차로에서 승용차와 택시간 사고. 사고처리 전,,1,37.755003,128.879551,2020-08-19,8:06,고속터미널,강릉,
62,사고,"<긴급>=사고=원주 무실로, 무실4거리에서 한지공원4거리 방향 평원중지난지점 1차로에서 승용차간 추돌사고.처리중",무실4거리,1,37.338108,127.936251,2020-08-18,18:48,평원중학교,원주,한지공원4거리
63,사고,"<긴급>=사고=속초 새마을4거리에서 청대4거리 방향, 부영6단지 입구 승용차와 승합차간 측면 충돌사고. 사고처리 전",새마을4거리,,38.187743,128.582367,2020-08-18,17:52,부영6단지,속초,청대4거리
64,사고,"<긴급>=사고=원주 북원로,장양4거리-태장3거리방향. 원주IC교차로 지나 2,3차로에서 버스.화물차간 추돌사고.처리중",장양4거리,"2, 3",37.396511,127.951749,2020-08-18,17:29,원주IC교차로,원주,태장3거리
65,사고,<긴급>=사고=강릉 가작로 행복예식장교차로 내에서 승용차간 추돌사고 처리중,,,37.770405,128.905600,2020-08-18,15:44,행복예식장교차로,강릉,
66,사고,<긴급>-사고- 원주 동진골4거리 내에서 승용차와 승합차간의 추돌사고. 사고처리 전.,,,37.348628,127.939907,2020-08-18,14:25,동진골4거리,원주,
67,사고,"<긴급>-사고- 원주 무실로, 한지공원4거리에서 법조4거리 방향 한지공원4거리 지난 지점 승용차와 택시간의 추돌사고. 사고처리 중.",한지공원4거리,,37.336276,127.934387,2020-08-18,14:15,한지공원4거리,원주,법조4거리
68,사고,"<긴급>=사고=국도35호선, 강릉 오봉리에서 왕산면사무소 방향, 왕산면사무소 1km 못간 지점 승용차간 정면 충돌사고. 사고처리 전. 여파로 정체",강릉 오봉리,,37.678441,128.830881,2020-08-18,14:04,왕산면사무소,강릉,왕산면사무소
69,사고,<긴급>=사고=강릉 강릉역-성덕초교 방향 월드컵교 2차로에서 승용차간 추돌사고.처리전,강릉역,2,37.757359,128.907898,2020-08-18,13:03,월드컵교,강릉,성덕초등학교
70,사고,"<긴급>=사고=강릉 홍제고가에서 터미널5거리 방향, 시청앞4거리 3차로에 승용차 3대간 추돌사고, 사고처리중",홍제고가,3,37.751777,128.878487,2020-08-18,12:35,시청앞4거리,강릉,터미널5거리
71,사고,"<긴급>=사고=강릉 터미널에서 경찰서 방향, 강릉역회전교차로 내 택시와 승용차간 추돌사고, 사고처리전",터미널,,37.762868,128.900572,2020-08-18,10:56,강릉역회전교차로,강릉,경찰서
72,사고,<긴급>-사고- 강릉 교동4거리에서 임당4거리 방향 교동꽃집 100m 못 간 지점 1차로에서 승용차관련 3중 추돌사고. 사고처리 전.,교동4거리,1,37.758450,128.894279,2020-08-13,11:20,교동꽃집,강릉,임당4거리
73,사고,"<긴급>-사고- 원주 행구로, 화실4거리에서 너르내4거리 방향 중간 지점 2차로에서 승용차관련 인사사고. 사고처리 전.",화실4거리,2,37.342358,127.973091,2020-08-13,10:55,너르내4거리,원주,너르내4거리
74,사고,<긴급>-사고- 원주 현진5차@ 앞 회전교차로 내에서 승용차와 택시관련 4중 추돌사고. 사고처리 중.,,,37.320497,127.955177,2020-08-13,8:14,현진5차아파트 앞 회전교차로,원주,
75,사고,"<긴급>=사고=원주, 개봉교회전교차로 내, 화물차와 승용차간 사고. 사고처리 전",,,37.345237,127.958293,2020-08-12,16:14,개봉교회전교차로,원주,
76,사고,"<긴급>=사고=원주 강변교3거리 현충탑방향, 상록프라자@ 앞 1차로 승합차간 추돌사고. 사고처리 전",강변교3거리,1,37.374656,127.951114,2020-08-12,15:46,상록프라자아파트,원주,현충탑
77,사고,<긴급>-사고- 춘천 장학리에서 소양3교 방향 소양3교 50m 못 간 지점 승용차와 화물차간의 추돌사고. 사고처리 전. 운전자 나와있음,장학리,,37.906541,127.749496,2020-08-12,15:26,소양3교,춘천,소양3교
78,사고,"<긴급>=사고=강릉 강릉대로 강릉역전회전교차로 내, 승용차간 측면 충돌사고. 사고처리 전",,,37.762868,128.900572,2020-08-12,13:13,강릉역회전교차로,강릉,
79,사고,"<긴급>=사고=춘천 소양5교에서 후평동 방향, 상일4거리 내 화물차와 승용차간 정면 충돌사고, 사고처리전",소양5교,,37.917418,127.750731,2020-08-12,12:59,상일4거리,춘천,후평동
80,사고,"<긴급>-사고- 국도3호선, 장호원에서 광주방향 이천4거리 못 간 지점 2차로에서 승용차와 화물차간의 추돌사고. 사고처리 전.",장호원,2,37.274698,127.447763,2020-08-12,12:15,이천4거리,이천,광주
81,사고,<긴급>-사고- 춘천 공단5거리에서 한림대학교 방향 후평현대1차@ 입구 승용차간의 추돌사고. 사고처리 전. 지체됨,공단5거리,,37.884381,127.743490,2020-08-12,11:44,현대1차아파트,춘천,한림대학교
82,사고,"<긴급>=사고=춘천 명진학교 건너편 1차로에 승용차간 추돌사고, 사고처리중",,1,37.899316,127.734268,2020-08-12,10:25,명진학교,춘천,
83,사고,"<긴급>-사고- 원주 북원로, 우산철교4거리에서 1군지사방향 우산철교 지난 지점 2차로에서 화물차와 승용차간의 추돌사고. 사고처리 중.",우산철교4거리,2,37.361306,127.940101,2020-08-12,9:00,우산철교,원주,1군지사
84,사고,<긴급>-사고- 강릉 신화@에서 내곡교 방향 단오타운 후문에서 승용차관련 대인사고. 사고처리 전.,신화아파트,,37.747972,128.892598,2020-08-12,8:58,단오타운 후문,강릉,내곡교
85,사고,<긴급>=사고=제천 시립도서관4거리 내 승용차간 측면 충돌사고. 사고처리 전. 뒤로 정체,,,37.145553,128.221900,2020-08-11,18:36,시립도서관4거리,제천,
86,사고,"<긴급>=사고=강릉 강릉역회전교차로에서 경포대방향, 강릉역회전교차로에서 오토바이와 승용차간 사고. 사고처리 중",강릉역회전교차로,,37.762868,128.900572,2020-08-11,17:49,강릉역회전교차로,강릉,경포대
87,사고,"<긴급>=사고=원주 북원로 태장3거리에서 태장교3거리 방향, 우회전차로에서 승용차간 추돌사고. 사고처리 전",태장3거리,,37.381584,127.946969,2020-08-11,16:45,태장3거리,원주,태장교3거리
88,사고,"=376사고처리완료=원주 시청4거리 내, 승용차간 추돌사고. 소통원활",,,37.335634,127.929760,2020-08-11,13:28,시청4거리,원주,
89,사고,"<긴급>=사고=원주 시청4거리 내, 승용차간 추돌사고. 사고처리 중",,,37.335634,127.929760,2020-08-11,13:15,시청4거리,원주,
90,사고,"<긴급>=사고=원주 의료원4거리에서 우정청4거리 방향,우정청4거리 못간지점 2차로 승용차간 추돌사고. 사고처리 전",의료원4거리,2,37.330018,127.950680,2020-08-11,13:01,우정청4거리,원주,우정청4거리
91,사고,<긴급>-사고- 강릉 경찰서에서 터미널 방향 강릉역회전교차로 내 승용차간의 추돌사고. 사고처리 전. 뒤로 정체,경찰서,,37.762841,128.900566,2020-08-11,12:00,강릉역회전교차로,강릉,터미널
92,사고,<긴급>-사고- 강릉 교동1주공@ 정문에서 승용차간의 측면 충돌사고. 사고처리 전.,,,37.768580,128.884422,2020-08-11,11:55,교동1주공아파트,강릉,
93,사고,<긴급>-사고- 속초 수복탑에서 동명동4거리 방향 수복탑 지난 지점 2차로에서 승용차간의 측면 충돌사고. 사고처리 중.,수복탑,2,38.210467,128.593271,2020-08-11,11:53,수복탑,속초,동명동4거리
94,사고,"<긴급>-사고- 원주 남원로, 남송4거리에서 남부시장4거리 방향 의료원4거리 100m 못 간 지점 2차로에서 승용차와 택시간의 추돌사고. 사고처리 전.",남송4거리,2,37.331350,127.946766,2020-08-11,8:16,의료원4거리,원주,남부시장4거리
95,사고,"<긴급>=사고=춘천 퇴계동행정복지센터에서 KBS방송국 방향, KBS방송국앞 4거리 2차로에서 승용차간 추돌사고. 운전자 나와있음. 사고처리 전",퇴계동행정복지센터,2,37.867057,127.722232,2020-08-10,20:05,KBS방송국 앞 4거리,춘천,KBS방송국
96,사고,"<긴급>=사고=홍천 터미널에서 연봉 방향, 연봉교 내 1차로에 승용차 3대간 추돌사고, 사고처리중",터미널,1,37.681126,127.868216,2020-08-10,15:15,연봉교,홍천,연봉
97,사고,"<긴급>=사고=춘천 옛)한방병원에서 석사극동아파트 방향, 자동차정비소 부근 2차로에 승용차간 추돌사고, 사고처리전",토마스요양병원,2,37.849948,127.753594,2020-08-10,13:02,자동차정비소,춘천,석사극동아파트
98,사고,"<긴급>=사고=원주 우산철교에서 태장3거리 방향, 우산공단3거리 가기전 2차로에 승용차간 추돌사고, 사고처리중",우산철교,2,37.374007,127.943217,2020-08-10,12:45,우산공단3거리,원주,태장3거리
99,사고,"<긴급>=사고=강릉 터미널5거리에서 적십자4거리 방향, 터미널5거리 100m 지나 1,2차로에 승용차간 측면 충돌사고, 사고처리전",터미널5거리,"1, 2",37.755282,128.882879,2020-08-10,12:39,터미널5거리,강릉,적십자4거리
100,사고,"<긴급>=사고=강릉 경포5거리에서 주문진 방향, 법원 100m 전 2차로에 승용차 4대간 추돌사고, 사고처리전",경포5거리,2,37.783739,128.876158,2020-08-10,12:38,법원,강릉,주문진
101,사고,"<긴급>=사고= 강릉 시청-터미널 구간 터미널5거리 100m 못간지점 2,3차로에서 승용차간 충돌사고.",강릉시청,"2, 3",37.753761,128.880479,2020-08-10,12:31,터미널5거리,강릉,강릉터미널
102,사고,<긴급>=사고= 삼척 시청4거리-교동지하차도 방향 교동4거리에서 승용차간 추돌사고. 사고처리 전.,시청4거리,,37.449420,129.169692,2020-08-10,10:14,교동4거리,삼척,교동지하차도
103,사고,"<긴급>=사고=삼척 교동4거리에서 세무서 방향, 교동4거리 내 1차로에 승용차와 화물차간 추돌사고, 사고처리전",교동4거리,1,37.449449,129.169767,2020-08-10,10:03,교동4거리,삼척,세무서
104,사고,<긴급>-사고- 양평 양평병원에서 관문3거리 방향 관문3거리 2차로에서 승용차간의 추돌사고. 사고처리 중.,양평병원,2,37.497264,127.489800,2020-08-09,16:29,관문3거리,양평,관문3거리
105,사고,<긴급>=사고=동해 동해역-묵호역 방향 용정굴다리 지나 승용차간 측면 충돌사고.처리전,동해역,,37.504276,129.126761,2020-08-09,13:54,용정굴다리,동해,묵호역
106,사고,<긴급>=사고=강릉 동인병원5거리-경찰서4거리방향 대영주유소앞 1차로에서 승용차간 추돌사고.처리전,동인병원5거리,1,37.770465,128.909532,2020-08-08,14:03,대영주유소,강릉,경찰서4거리
107,사고,<긴급>=사고=춘천 신흥4거리 내에서 승용차.오토바이간 추돌사고.처리중,,,37.878777,127.740674,2020-08-08,12:00,신흥4거리,춘천,
108,사고,<긴급>=사고=동해 천곡동굴-공설운동장방향 주공5차@입구 승용차.택시간 추돌사고.잘 잘못을 가기고 있음,천곡동굴,,37.515883,129.106271,2020-08-08,11:59,주공5차아파트,동해,공설운동장
109,사고,"<긴급>=사고=원주 향교4거리에서 원주고교 방향, 향교4거리 내 승용차간 추돌사고. 사고처리 중",향교4거리,,37.338972,127.952038,2020-08-08,9:01,항교4거리,원주,원주고등학교
110,사고,"<긴급>=177같은사고=홍천 터미널회전교차로 내, 승용차간 추돌사고, 사고처리 전",,,37.688564,127.879731,2020-08-08,8:27,터미널회전교차로,홍천,
111,사고,"<긴급>=사고=국도42호선 여주에서 이천 방향, 연세새로운병원 부근 1차로에 승용차와 오토바이간 추돌사고, 사고처리전",여주,1,37.289605,127.632582,2020-08-07,20:04,연세새로운병원,여주,이천
112,사고,"<긴급>=사고=원주 천사로, 지하상가4거리에서 동진골4거리 방향 일산동주민센터 50미터 지난지점 2차로에서 승용차간 추돌사고.처리중",지하상가4거리,2,37.349222,127.941565,2020-08-07,18:49,일산동주민센터,원주,동진골4거리
113,사고,"<긴급>=사고=이천 증일4거리에서 터미널 방향, 중간지점 오토바이간 추돌사고, 사고처리중",증일4거리,,37.275430,127.442168,2020-08-07,17:31,증일4거리,이천,터미널
114,사고,"<긴급>=사고=여주 터미널4거리에서 도장교4거리 방향, 터미널 50m 지나 2차로 막고 화재진압중",터미널4거리,2,37.289321,127.634585,2020-04-15,14:32,터미널,여주,도장교4거리
115,사고,"<긴급>=사고=강릉 율곡로, 강릉교4거리에서 비행장교차로 방향 청량교차로내에서 승용차간 추돌사고.사고처리전",강릉교4거리,,37.741183,128.919909,2020-04-15,11:37,청량교차로,강릉,비행장교차로
116,사고,<긴급>=사고=동해 범주성지2차@3거리-삼척방향 승용차간 측면 충돌사고.처리전,,,37.512276,129.125202,2020-04-14,18:42,범주성지2차아파트,동해,삼척
117,사고,<긴급>=사고=국도19호선 원주 연세대-흥업방향. 청솔@부근 승용차간 추돌사고.처리중,연세대,,37.278478,127.908645,2020-04-14,18:11,청솔아파트,원주,흥업
118,사고,<긴급>=사고=원주 치악로 가매기4거리-송문4거리방향. 태장중 300미터 지난지점 승용차간 추돌사고.처리전,가매기4거리,,37.360996,127.960701,2020-04-14,18:01,태장중학교,원주,송문4거리
119,사고,<긴급>=사고=춘천 호반4거리=소양1교 방향 1차로에서 승용차간 추돌사고.처리중,호반4거리,,37.893749,127.727250,2020-04-14,14:04,소양1교,춘천,소양1교
120,사고,"<긴급>-사고-홍천 하오안리에서 북방 방향 홍천장례식장 입구, 승용차관련 사고, 사고처리 전",하오안리,,37.678415,127.853033,2020-04-14,10:40,홍천장례식장,홍천,북방
121,사고,<긴급>-사고- 춘천 시청 동문 앞에서 승용차와 화물차간의 충돌사고. 사고처리 전.,,,37.881200,127.730989,2020-04-14,9:31,시청 동문,춘천,
122,사고,<긴급>-사고- 춘천 도청에서 중앙로터리 방향 중간 지점 1차로에서 승용차간의 추돌사고. 사고처리 전,도청,,37.883039,127.728837,2020-04-14,8:38,중앙로터리,춘천,중앙로터리
123,사고,"<긴급>-사고-삼척 시청별관에서 상공회의소 방향 별관입구, 승용차 3대관련 사고, 사고처리 전",시청 별관,,37.448357,129.163628,2020-04-14,8:22,시청 별관 입구,삼척,상공회의소
124,사고,"<긴급>-사고-강릉 남대천4거리에서 옥천5거리 방향 중간지점 승용차간 측면충돌사고, 사고처리 전이고 지체됨",남대천4거리,,37.754890,128.900432,2020-04-13,18:47,옥천5거리,강릉,옥천5거리
125,사고,"<긴급>-사고-삼척 강원대후문 굴다리4거리 내, 승용차간 측면충돌사고, 사고처리 중",,,37.455872,129.169134,2020-04-13,18:29,굴다리4거리,삼척,
126,사고,"<긴급>-사고-강릉 율곡로, 율곡교차로에서 이명4거리 방향 승용차간 추돌사고. 잘잘못을 가리고 있음",율곡교차로,,37.769972,128.891848,2020-04-13,17:57,율곡교차로,강릉,이명4거리
127,사고,"<긴급>=사고=춘천 중앙로터리에서 운교4거리방향 육림고개 부근 1,2차로에 걸쳐 택시와 승용차간 추돌사고 .사고처리전",중앙로터리,"1, 2",37.877900,127.729929,2020-04-13,17:27,육림고개,춘천,운교4거리
128,사고,"<긴급>=사고=원주 북원로, 단계4거리에서 우산철교4거리 방향 단계4거리 부근 3차로내 화물차와 승용차간 추돌사고,사고처리중",단계4거리,3,37.356874,127.936236,2020-04-13,16:28,단계4거리,원주,우산철교4거리
129,사고,"<긴급>-사고-춘천 청와@에서 호반4거리 방향 스카이워크 맞은편, 승합차관련 사고, 사고처리 중",청와아파트,,37.893020,127.723487,2020-04-13,14:58,스카이워크 맞은편,춘천,호반4거리
130,사고,<긴급>=사고= 원주 동부교4거리-관설4거리 구간 승용차와 승합차간 추돌사고. 사고처리 전.,동부교4거리,,37.317934,127.969283,2020-04-13,14:30,,원주,관설4거리
131,사고,<긴급>-사고- 춘천 만천4거리에서 애막골 방향 만천4거리 지난 지점 1차로에서 승용차간의 추돌사고. 사고처리 전.,만천4거리,1,37.875614,127.776945,2020-04-13,12:17,만천4거리,춘천,애막골
132,사고,<긴급>=사고= 동해 천곡동 중앙초교앞 교차로에서 승용차와 오토바이간 사고. 사고처리 전.,,,37.524417,129.109529,2020-04-13,11:11,중앙초교 앞 교차로,동해,
133,사고,-252같은사고- 동해 천곡호텔4거리에서 주공4차@ 방향 승용차간의 추돌사고. 사고처리 중.,천곡4거리,,37.526069,129.104773,2020-04-13,11:03,천곡4거리,동해,주공4차아파트
134,사고,<긴급>=사고= 국도7호선 동해 시외버스터미널앞 승용차간 추돌사고. 사고처리 전.,,,37.528600,129.104911,2020-04-13,10:54,시외버스터미널,동해,
135,사고,<긴급>=사고= 동해 천곡4거리-시청방향 천곡4거리에서 승용차간 추돌사고. 사고처리 전.,천곡4거리,,37.526021,129.104888,2020-04-13,10:29,천곡4거리,동해,시청
136,사고,<긴급>-사고- 강릉 율곡교차로에서 강일여고4거리 방향 중간 지점 2차로에서 승용차간의 측면 충돌사고. 사고처리 중,율곡교차로,2,37.766983,128.891299,2020-04-13,8:59,이명4거리,강릉,이명4거리
137,사고,"<긴급>-사고-속초 온천로4거리에서 설악고교 방향 대명4차@4거리, 승용차간 충돌사고, 사고처리 전",온천로4거리,,38.188706,128.573952,2020-04-12,17:58,설악빌리지앞4거리,속초,설악고등학교
138,사고,<긴급>-사고- 이천 OB맥주정문-복하1교 방향 복하1교 50m 못 간 지점 승용차간의 충돌사고. 사고처리 전.,오비맥주 정문,,37.266258,127.462078,2020-04-12,17:56,복하1교,이천,복하1교
139,사고,<긴급>-사고- 이천 설봉3거리에서 터미널 방향 미란다호텔 앞 승용차관련 3중 추돌사고. 사고처리 중.,설봉3거리,,37.275051,127.450538,2020-04-12,17:20,미란다호텔 앞,이천,터미널
140,사고,"<긴급>=사고=속초 고속터미널에서 청초교4거리 방향, 청초교4거리 가기전 버스와 승용차간 추돌사고, 사고처리중",고속터미널,,38.193230,128.578077,2020-04-12,11:00,청초교4거리,속초,청초교4거리
141,사고,<긴급>=사고= 속초 동해대로 주공3차아파트-교동3거리 구간 승용차간 추돌사고. 사고처리 전.,주공3차아파트,,38.196814,128.577793,2020-04-11,20:47,교동3거리,속초,교동3거리
142,사고,<긴급>-사고- 속초 교동3거리에서 만천3거리 방향 만천4거리 내에서 승합차관련 추돌사고. 사고처리 전,교동3거리,,38.197356,128.576118,2020-04-11,20:33,만천4거리,속초,만천3거리
143,사고,<긴급>-사고- 춘천 소양2교에서 소양1교 방향 중간 지점 1차로에서 승용차관련 3중 추돌사고. 사고처리 중.,소양2교,1,37.893899,127.729782,2020-04-11,20:25,소양1교,춘천,소양1교
144,사고,<긴급>=사고= 동해 터미널앞에서 승용차간 충돌사고. 사고처리 전.,,,37.528626,129.104902,2020-04-11,15:45,터미널 앞,동해,
145,사고,<긴급>=사고= 삼척 시외버스터미널 교차로내에서 승용차간 추돌사고. 사고처리 전,,,37.439623,129.167753,2020-04-11,15:37,시외버스터미널 교차로,삼척,
146,사고,<긴급>-사고- 춘천 금호@에서 풍물시장 방향 온의4거리 2차로에서 승용차간의 추돌사고. 사고처리 중.,금호아파트,2,37.865270,127.720769,2020-04-11,13:50,온의4거리,춘천,풍물시장
147,사고,"<긴급>=사고=강릉 율곡교차로에서 강일여고 방향, 중간지점 2차로에 승용차가 화단에 올라가는 단독사고, 사고처리전",율곡교차로,2,37.765476,128.891475,2020-04-11,13:45,강일여고,강릉,강일여고
148,사고,<긴급>=사고= 강릉 옥천5거리-동부시장4거리 구간 고려병원 정문앞에서 승용차 2대와 택시 관련 추돌사고. 사고처리 전.,옥천5거리,,37.759101,128.899530,2020-04-10,21:07,고려병원 정문,강릉,동부시장4거리
149,사고,"<긴급>=사고=원주 둣내4거리에서 자오기4거리 방향, 고속터미널 앞 4차로에 버스와 택시간 추돌사고, 사고처리전",둣내4거리,4,37.344018,127.931957,2020-04-10,19:23,고속터미널 앞,원주,자오기4거리
150,사고,<긴급>=사고= 여주 상동4거리-신진동방향 상동3거리 좌회전차로에서 승용차와 승합차간 충돌사고. 사고처리 전.,상동4거리,,37.290609,127.656109,2020-04-10,18:54,상동3거리,여주,신진동
151,사고,"<긴급>=사고=속초 만천3거리에서 설악고등학교 방향, 경찰서 가기전 2차로에 화물차와 승합차간 추돌사고, 사고처리전",만천3거리,2,38.196125,128.572538,2020-04-10,16:46,경찰서 전,속초,설악고등학교
152,사고,<긴급>=사고= 강릉 경강로 포남대교4거리내에서 승용차간 추돌사고. 사고처리 전.,,,37.764005,128.913711,2020-04-10,14:36,포남대교4거리,강릉,
153,사고,"<긴급>=사고=원주 서원대로, 무실4거리에서 둣내4거리 방향 100미터 지난지점 3차로에서 승용차간 추돌사고.처리중",무실4거리,3,37.340508,127.937265,2020-04-10,11:20,무실4거리,원주,둣내4거리
154,사고,<긴급>=사고=강릉 터미널5거리-시청방향 한국관광공사앞 1차로에서 승용차간 추돌사고.처리전,터미널5거리,1,37.753628,128.880280,2020-04-10,8:49,강릉관광개발공사,강릉,시청
155,사고,<긴급>=사고=동해 효가4거리-송정 방향 승용차간 추돌사고.처리중,효가4거리,,37.492486,129.110546,2020-04-10,8:41,효가4거리,동해,송정
156,사고,<긴급>=사고=국도7호선 동해 나안3거리-터미널 방향 승용차간 추돌사고.처리전,나안3거리,,37.486290,129.111736,2020-04-10,8:36,나안3거리,동해,터미널
157,사고,"<긴급>=사고=강릉 송정에서 옥천5거리 방향, 옛)동해상사 앞 1,2차로에 승용차간 추돌사고, 사고처리전",송정,"1, 2",37.766443,128.910962,2020-04-09,20:09,옛 동해상사 앞,강릉,옥천5거리
158,사고,<긴급>=사고=속초 청대로 설악고-경찰서 방향 소평4거리 승용차.승합차간 추돌사고.처리전,설악고등학교,,38.189597,128.573406,2020-04-09,17:55,소평4거리,속초,경찰서
159,사고,"<긴급>-사고-강릉/법원 앞, 오토바이와 승합차량의 사고. 사고처리 전",,,37.785418,128.875840,2020-04-09,12:14,법원 앞,강릉,
160,사고,"<긴급>-사고-원주 원일로, 인동4거리 내에서 승용차관련 사고. 사고처리 중이고 차량 전복돼 있음",,,37.346581,127.952736,2020-04-09,11:59,인동4거리,원주,
161,사고,<긴급>=사고=이천 경충대로 설봉공원3거리에서 기치미고개3거리방향 다산고등학교 부근 승용차 단독사고.사고처리전,설봉공원3거리,,37.290139,127.426696,2020-04-09,7:55,다산고등학교,이천,기치미고개3거리
162,사고,<긴급>=사고=여주 여주나들목에서 터미널4거리 방향 점봉교차로 내에서 승용차간 추돌사고.사고처리중,여주나들목,,37.255709,127.647516,2020-04-08,19:26,점봉교차로,여주,터미널4거리
163,사고,<긴급>=사고=여주 여주나들목에서 터미널4거리 방향 여주나들목3거리에서 승용차와 화물차간 측면 추돌사고.사고처리전,여주나들목,,37.254183,127.648361,2020-04-08,19:25,여주나들목3거리,여주,터미널4거리
164,사고,<긴급>=사고= 강릉 사임당로 과학단지입구에서 경포방향 즈므고가교 가기전 갓길에 승용차간 추돌사고.사고처리전,과학단지입구,갓길,37.798368,128.860704,2020-04-08,16:58,즈므고가교,강릉,경포
165,사고,<긴급>=사고=원주 현진에버빌1차@정문앞 승용차.오토바이간 추돌사고.처리중,,,37.324772,127.956128,2020-04-08,15:02,현진에버빌1차아파트 정문,원주,
166,사고,-국가교통정보센터-247사고처리완료: (국도6호선)남양주 조안교차로(홍천방향) 차량추돌사고 처리완료되었습니다,,,37.532275,127.301839,2020-04-08,11:33,조안교차로,남양주,홍천
167,사고,<긴급>-사고- 춘천 인공폭포 앞 4거리 내에서 버스와 화물차간의 추돌사고. 사고처리 전.,,,37.876114,127.752541,2020-04-08,11:17,보안4거리,춘천,
168,사고,-국가교통정보센터-사고: (국도6호선)남양주 조안교차로(홍천방향) 차량추돌사고로 부분통제중입니다,,,37.532275,127.301839,2020-04-08,10:29,조안교차로,남양주,홍천
169,사고,<긴급>=사고=원주 로아노크4거리에서 송삼4거리 방향 중간지점 3차로에서 택시와승용차간 추돌사고.사고처리전,로아노크4거리,3,37.337099,127.922407,2020-04-07,17:44,송삼4거리,원주,송삼4거리
170,사고,-국가교통정보센터-603사고처리완료: (국도6호선) 양평 봉상2교(서울방향)사고처리완료입니다,,,37.518933,127.661504,2020-04-07,17:28,봉상2교,양평,서울
171,사고,-국가교통정보센터-사고: (국도6호선) 양평 봉상2교(서울방향)2차로 통제하여 사고처리중입니다,,2,37.518933,127.661504,2020-04-07,17:07,봉상2교,양평,서울
172,사고,<긴급>=사고=강릉 강릉역6거리 내에서 승용차간 추돌사고.사고처리전,,,37.762816,128.900526,2020-04-07,16:56,강릉역6거리,강릉,
173,사고,"<긴급>-사고-원주 행구로, 너르내4거리에서 치악3거리 방향 치악교4거리 지나, 승용차간 추돌사고. 사고처리 중",너르내4거리,,37.341576,127.962562,2020-04-07,14:52,치악교4거리,원주,치악3거리
174,사고,<긴급>=사고= 강릉 남강초교-포남교 구간 승용차 4대간 추돌사고. 사고처리 전.,남강초등학교,,37.766344,128.913629,2020-04-07,13:11,포남교,강릉,포남교
175,사고,<긴급>=사고= 원주 북원로 단계4거리-우산철교4거리 구간 단계4거리 조금 지난지점 승용차간 추돌사고. 사고처리 전.,단계4거리,,37.357028,127.936381,2020-04-07,10:36,단계4거리,원주,우산철교4거리
176,사고,<긴급>=사고= 춘천 로데오거리-거두주공아파트 구간 3차로에서 승용차와 버스간 추돌사고. 사고처리 전.,로데오거리,3,37.856946,127.759525,2020-04-07,10:33,거두주공아파트,춘천,거두주공아파트
177,사고,"<긴급>=사고= 원주 평원로, 원주역4거리방향 평원4거리 지난지점 3차로에서 택시와 승용차간 추돌사고. 사고처리 전",,,37.352483,127.949457,2020-04-07,9:19,평원4거리,원주,원주역4거리
178,사고,"<긴급>-사고- 국도7호선, 강릉 경포5거리에서 주문진방향 강릉법원 100m 지난 지점 4거리 2차로에서 승용차간의 추돌사고. 사고처리 전. 뒤로 정체.",경포5거리,2,37.785278,128.873557,2020-04-07,8:37,강릉법원,강릉,주문진
179,사고,"<긴급>-사고-여주 터미널4거리에서 나들목 방향 여주고교차로 못 간 지점, 승용차 3대간 추돌사고, 사고처리 중",터미널4거리,,37.275837,127.637799,2020-04-06,18:59,여주고교차로,여주,나들목
180,사고,"-721같은사고-춘천 춘천로, 팔호광장교차로에서 신흥4거리 방향 중간지점, 오토바이관련 사고. 사고처리 중",팔호광장교차로,,37.877751,127.738460,2020-04-06,18:57,팔호광장교차로,춘천,신흥4거리
181,사고,"<긴급>-사고-강릉 택시부광장에서 노암지구대 방향 노암교입구, 승용차간 추돌사고, 사고처리 전",택시부광장,,37.750221,128.895492,2020-04-06,14:43,노암교입구,강릉,노암지구대
182,사고,"<긴급>=사고=원주/교5거리에서 평원4거리 방향, 평원4거리 가기전 2,3차로에 승용차와 화물차간 추돌사고, 사고처리전",,"2, 3",37.352489,127.949644,2020-04-06,14:28,평원4거리,원주,
183,사고,#NAME?,원주역4거리,,37.353840,127.945642,2020-04-06,13:01,지하상가4거리,원주,지하상가4거리
184,사고,"<긴급>=사고=원주 청산4거리에서 한지공원4거리 방향, 무실4거리 지나 2차로에 승용차간 추돌사고, 사고처리중",청산4거리,2,37.339763,127.937883,2020-04-06,9:05,무실4거리,원주,한지공원4거리
185,사고,<긴급>=사고= 이천 복하1교-오비맥주 정문방향 오비맥주정문 조금 못간지점에서 승용차간 충돌사고. 사고처리 전.,복하1교,,37.263573,127.471067,2020-04-06,7:49,오비맥주 정문,이천,오비맥주
186,사고,<긴급>=사고= 강릉 강릉초교 교차로내에서 승용차간 충돌사고. 사고처리 전.,,,37.753693,128.889644,2020-04-06,7:14,강릉초교 교차로,강릉,
187,사고,<긴급>=사고= 원주 시청로 포스코아파트 정문앞 승용차간 추돌사고. 사고처리 전.,,,37.321960,127.937091,2020-04-05,18:07,포스코아파트 정문,원주,
188,사고,"-585같은사고- 원주 서원대로, 고속시외버스터미널에서 의료원4거리 방향 둣내4거리 부근 승용차간의 추돌사고. 사고처리 전.",고속시외버스터미널,,37.343561,127.933646,2020-04-05,16:59,둣내4거리,원주,의료원4거리
189,사고,<긴급>=사고= 원주 서원대로자오기4거리-무실4거리방향 둣내4거리 갓길에서 승용차간 추돌사고. 사고처리 전.,자오기4거리,갓길,37.343719,127.933342,2020-04-05,16:57,둣내4거리,원주,무실4거리
190,사고,<긴급>-사고- 춘천 강대정문에서 병무청방향 병무청 앞 오토바이와 택시간의 충돌사고. 사고처리 전. 혼잡함,강원대학교 정문,,37.865652,127.736474,2020-04-05,16:16,병무청 앞,춘천,병무청
191,사고,=사고= 춘천 장학교차로-소양5교방향 장학교차로 조금 못간지점 2차로에서 승용차간 추돌사고. 사고처리 전,장학교차로,2,37.892325,127.756443,2020-04-05,15:04,장학교차로,춘천,소양5교
192,사고,<긴급>=사고= 강릉 터미널-시청방향 고속버스터미널앞 승용차와 화물차간 충돌사고. 사고처리 전.,터미널,,37.754995,128.879494,2020-04-05,13:32,고속버스터미널,강릉,시청
193,사고,<긴급>=사고= 원주 북원로 모래내4거리-이화마을4거리 구간 승용차간 추돌사고. 사고처리 전.,모래내4거리,,37.338359,127.931094,2020-04-05,13:29,이화마을4거리,원주,이화마을4거리
194,사고,<긴급>=사고=여주 하동 현대@정문앞 승용차간 추돌사고.처리중,,,37.300018,127.629447,2020-04-05,9:28,하동 현대아파트 정문,여주,
195,사고,<긴급>=사고= 제천 용두천로 휴먼시아1단지-남당초교방향 지하차도 지난지점 2차로에서 승용차와 화물차간 충돌사고. 사고처리 전.,휴먼시아1단지,2,37.129239,128.203119,2020-04-04,17:47,지하차도,제천,남당초등학교
196,사고,<긴급>=사고= 삼척 의료원앞 교차로내에서 택시와 승용차간 추돌사고. 사고처리 전.,,,37.440828,129.164111,2020-04-04,17:32,의료원 앞 교차로,삼척,
197,사고,"<긴급>=사고=동해 종합운동장 앞 승용차간 추돌사고, 사고처리전",,,37.515120,129.104130,2020-04-04,17:25,종합운동장,동해,
198,사고,"<긴급>=사고=춘천 강대동문에서 석사4거리 방향, 2차로에 승용차간 추돌사고, 사고처리전",강원대학교 동문,2,37.862465,127.746241,2020-04-04,17:09,,춘천,석사4거리
199,사고,"<긴급>=사고=강릉 강릉역회전교차로 내 승용차간 측면 충돌사고, 사고처리전",,,37.762841,128.900590,2020-04-04,16:05,강릉역6거리,강릉,
200,사고,"<긴급>=사고=원주 원주교5거리에서 젊음의광장4거리 방향, 남부시장4거리 우회전차로에 승용차 단독사고, 사고처리전",원주교5거리,,37.342592,127.954936,2020-04-04,14:40,남부시장4거리,원주,젊음의광장4거리
201,사고,=331 같은사고=속초 조양로 청대4거리에서 새마을4거리 방향 자이@부근 양방향 1차로에 걸쳐 화물차2대와 승용차1대 3중추돌사고.사고처리중,청대4거리,1,38.188005,128.579686,2020-04-04,13:01,자이아파트,속초,새마을4거리
202,사고,<긴급>=사고=속초 조양로 청대4거리에서 새마을4거리 방향 자이@부근 양방향 1차로에 걸쳐 화물차2대와 승용차1대 3중추돌사고.사고처리전,청대4거리,1,39.188005,128.579687,2020-04-04,12:41,자이아파트,속초,새마을4거리
203,사고,"=320같은사고=원주 원문로, 원주역4거리에서 단계4거리 방향 2차로에서 승용차간 추돌사고.처리중",원주역4거리,2,37.356609,127.936520,2020-04-04,12:29,단계4거리,원주,단계4거리
204,사고,"<긴급>=사고=속초 동해대로, 엑스포3거리에서 청초교4거리 방향 국민은행 앞 승용차간 추돌사고.사고처리전",엑스포3거리,,38.191356,128.579504,2020-04-04,12:28,국민은행,속초,청초교4거리
205,사고,"<긴급>=사고=원주 원문로, 원주역4거리에서 단계4거리 방향 2차로에서 승용차간 추돌사고.처리전",원주역4거리,2,37.356609,127.936520,2020-04-04,12:16,단계4거리,원주,단계4거리
206,사고,<긴급>=사고=영월 군청 회전교차로 내에서 버스.승용차간 측면 충돌사고.처리중,,,37.180890,128.462244,2020-04-04,11:51,영월군청 회전교차로,영월,
207,사고,<긴급>=사고=원주 한지공원4거리-이화마을4거리방향.이화마을4거리 가기전 1차로에서 승합차.화물차간 추돌사고.처리전,한지공원4거리,1,37.338341,127.931181,2020-04-04,8:46,이화마을4거리,원주,이화마을4거리
208,사고,"<긴급>=사고=원주 남부시장에서 젊음의광장4거리 방향, 남부시장 지나 승용차간 추돌사고, 사고처리전",남부시장,,37.342570,127.954959,2020-04-03,20:04,남부시장,원주,젊음의광장4거리
209,사고,"<긴급>=사고=원주 서원대로, 둣내4거리에서 무실4거리 방향 200미터 지난지점 3차로에서 승용차간 추돌사고.처리전",둣내4거리,3,37.342323,127.935089,2020-04-03,18:37,둣내4거리,원주,무실4거리
210,사고,"<긴급>=사고=원주 원일로, 남부시장4거리 방향 지하상가4거리 지나 3차로에서 승용차.택시간 추돌사고.처리전",남부시장4거리,3,37.351085,127.947603,2020-04-03,15:33,자하상가4거리,원주,지하상가4거리
211,사고,"<긴급>=사고=이천 터미널에서 설봉공원 방향, 설봉공원입구 부근 오토바이와 승용차간 추돌사고, 사고처리전",터미널,,37.276989,127.429118,2020-04-03,14:28,설봉공원,이천,설봉공원
212,사고,"<긴급>=사고=원주 법조4거리 내 승용차간 추돌사고, 사고처리중",,,37.334266,127.932099,2020-04-03,14:25,법조사거리,원주,
213,사고,<긴급>=사고=원주자동차전용도로 광터교차로에서 선녀골3거리 방향 흥양교차로내 승용차간 측면 추돌사고.사고처리전,광터교차로,,37.388942,127.990550,2020-04-03,13:16,흥양교차로,원주,선녀골3거리
214,사고,"<긴급>=사고=이천 교육청에서 창전4거리 방향, 중간지점 승용차간 충돌사고, 사고처리전",교육청,,37.285663,127.448459,2020-04-03,13:13,창전4거리,이천,창전4거리
215,사고,"<긴급>-사고-원주 혁신로, 금두3거리에서 미래3거리 방향 중간지점, 승용차간 추돌사고. 사고처리 전",금두3거리,,37.327919,127.993320,2020-04-03,10:14,미래3거리,원주,미래3거리
216,사고,"<긴급>-사고-원주 치악로 판부농협 주차장입구, 승용차와 오토바이관련 사고, 사고처리 전",,,37.320095,127.965200,2020-04-03,9:33,판부농협,원주,
217,사고,<긴급>=사고=춘천 퇴계4거리에서 석사4거리방향 퇴계4거리 지난 지점 3차로 승용차 단독사고. 사고처리전,퇴계4거리,3,37.857072,127.740310,2020-04-03,9:09,퇴계4거리,춘천,석사4거리
218,사고,<긴급>=사고=속초 영랑동주민센터에서 속초고교 방향 영랑동주민센터 부근 1차로에 오토바이와 승용차간 추돌사고. 사고처리전,영랑동주민센터,1,38.223770,128.588441,2020-04-03,9:03,영랑동주민센터,속초,속초고등학교
219,사고,<긴급>=사고=원주 평원로 평원4거리 내에서 1차로에서 승용차간 추돌사고.처리전,,1,37.352374,127.949520,2020-04-02,17:22,평원4거리,원주,
220,사고,"<긴급>-사고-원주 치악로, 원주교5거리에서 남부시장4거리 방향 남부시장4거리, 화물차와 택시간 추돌사고 , 사고처리 중",원주교5거리,,37.342884,127.955062,2020-04-02,13:58,남부시장4거리,원주,남주시장4거리
221,사고,"<긴급>-사고-원주 천사로, 동진골4거리에서 지하상가4거리 방향 옛,시청부근 아파트에서 오토바이와 승용차간 추돌사고. 사고처리 전",동진골4거리,,37.350516,127.945478,2020-04-02,11:40,,원주,지하상가4거리
222,사고,"<긴급>-사고-횡성/5거리 회전교차로 내, 승용차간 추돌사고, 사고처리 전",,,37.488199,127.985615,2020-04-02,8:15,5거리 회전교차로,횡성,
223,사고,-국가교통정보센터-사고: (국도3호선) 광주 백마터널출구(장호원방향)3차로 통제하여 사고처리중입니다,,3,37.383728,127.282376,2020-04-02,7:42,백마터널 출구,광주,장호원
224,사고,"<긴급>=사고=원주 북원로, 태장교3거리에서 1군사령부4거리 방향 태장교3거리 조금 지난 지점  1차로에 오토바이와승용차간 추돌사고,사고처리전",태장교3거리,1,37.384030,127.947408,2020-04-01,20:03,태장교3거리,원주,1군사령부4거리
225,사고,"<긴급>=사고=속초 속초중학교에서 현대@ 방향 중간지점 승용차간 추돌사고,사고처리전",속초중학교,,38.205676,128.573897,2020-04-01,19:39,현대아파트,속초,현대아파트
226,사고,"<긴급>-사고-속초 노학동 현대2차@에서 3차@ 사이, 승용차 단독사고, 사고처리 전",,,38.206184,128.573915,2020-04-01,19:20,,속초,
227,사고,"-691같은사고-원주 북원로, 단계택지4거리에서 둣내4거리 방향 승용차와 오토바이간 충돌사고. 사고처리 전이고 지체됨",단계택지4거리,,37.347316,127.933936,2020-04-01,18:24,단계택지4거리,원주,둣내4거리
228,사고,"<긴급>-사고-동해 경포@에서 송정동 방향 승용차간 추돌사고, 사고처리 중",경포아파트,,37.514319,129.119117,2020-04-01,17:32,경포아파트,동해,송정동
229,사고,<긴급>=사고=원주 서원대로 늘품4거리에서 우정청4거리 방향 3차로내 승용차간 추돌사고.사고처리중,늘품4거리,3,37.329919,127.950889,2020-04-01,16:08,우정청4거리,원주,우정청4거리
230,사고,"<긴급>-사고- 홍천 국민은행에서 터미널 방향 회전교차로 내 1,2차로에서 승용차간의 추돌사고. 사고처리 전",국민은행,"1, 2",37.688641,127.879566,2020-04-01,15:15,홍천사거리,홍천,터미널
231,사고,=213 같은사고= 제천 의림대로 두손메디컬-청전교차로방향 비둘기아파트앞 1차로에서 승용차간 추돌사고. 사고처리 중임.,두손메디컬,1,37.150956,128.214538,2020-04-01,10:43,비둘기아파트 앞,제천,청전교차로
232,사고,<긴급>=사고= 제천 의림대로 두손메디컬-청전교차로방향 비둘기아파트앞 1차로에서 승용차간 추돌사고. 사고처리 전.,두손메디컬,1,38.150956,128.214539,2020-04-01,10:37,비둘기아파트 앞,제천,청전교차로
